{"cameraMode":{"drawMode":0,"name":"Shaded","section":"Shading Mode"},"sceneLighting":true,"audioPlay":false,"sceneViewState":{"showFog":true,"showMaterialUpdate":false,"showSkybox":true,"showFlares":true,"showImageEffects":true,"showParticleSystems":true},"in2DMode":false,"pivot":{"x":-5.245591163635254,"y":-5.922821521759033,"z":27.010557174682618},"rotation":{"x":-0.11196448653936386,"y":0.10293672978878021,"z":-0.011663195677101612,"w":-0.9882975220680237},"size":32.62580108642578,"orthographic":false}