{"cameraMode":{"drawMode":0,"name":"Shaded","section":"Shading Mode"},"sceneLighting":true,"audioPlay":false,"sceneViewState":{"showFog":true,"showMaterialUpdate":false,"showSkybox":true,"showFlares":true,"showImageEffects":true,"showParticleSystems":true},"in2DMode":false,"pivot":{"x":0.8292173147201538,"y":1.3522288799285889,"z":-2.7128918170928957},"rotation":{"x":-0.0035956748761236669,"y":0.9872391223907471,"z":0.01735171303153038,"w":0.15825605392456056},"size":4.875036239624023,"orthographic":false}