{"cameraMode":{"drawMode":0,"name":"Shaded","section":"Shading Mode"},"sceneLighting":true,"audioPlay":false,"sceneViewState":{"showFog":true,"showMaterialUpdate":false,"showSkybox":true,"showFlares":true,"showImageEffects":true,"showParticleSystems":true},"in2DMode":false,"pivot":{"x":-0.5183181762695313,"y":1.670467734336853,"z":-0.2570176124572754},"rotation":{"x":-0.03516659513115883,"y":0.914417564868927,"z":-0.08142329752445221,"w":-0.3949355483055115},"size":6.258307456970215,"orthographic":false}